{
    "name": "root",
    "gauges": {
        "PoliceAgent.Policy.Entropy.mean": {
            "value": 1.4092488288879395,
            "min": 1.4092488288879395,
            "max": 1.4092488288879395,
            "count": 1
        },
        "PoliceAgent.Policy.Entropy.sum": {
            "value": 14340.515625,
            "min": 14340.515625,
            "max": 14340.515625,
            "count": 1
        },
        "PoliceAgent.Step.mean": {
            "value": 9984.0,
            "min": 9984.0,
            "max": 9984.0,
            "count": 1
        },
        "PoliceAgent.Step.sum": {
            "value": 9984.0,
            "min": 9984.0,
            "max": 9984.0,
            "count": 1
        },
        "PoliceAgent.Policy.ExtrinsicValueEstimate.mean": {
            "value": -0.3173651695251465,
            "min": -0.3173651695251465,
            "max": -0.3173651695251465,
            "count": 1
        },
        "PoliceAgent.Policy.ExtrinsicValueEstimate.sum": {
            "value": -49.508968353271484,
            "min": -49.508968353271484,
            "max": -49.508968353271484,
            "count": 1
        },
        "PoliceAgent.Losses.PolicyLoss.mean": {
            "value": 0.24461691559202298,
            "min": 0.24461691559202298,
            "max": 0.24461691559202298,
            "count": 1
        },
        "PoliceAgent.Losses.PolicyLoss.sum": {
            "value": 12.720079610785195,
            "min": 12.720079610785195,
            "max": 12.720079610785195,
            "count": 1
        },
        "PoliceAgent.Losses.ValueLoss.mean": {
            "value": 0.04745573717218791,
            "min": 0.04745573717218791,
            "max": 0.04745573717218791,
            "count": 1
        },
        "PoliceAgent.Losses.ValueLoss.sum": {
            "value": 2.467698332953771,
            "min": 2.467698332953771,
            "max": 2.467698332953771,
            "count": 1
        },
        "PoliceAgent.Policy.LearningRate.mean": {
            "value": 0.00029694720101759996,
            "min": 0.00029694720101759996,
            "max": 0.00029694720101759996,
            "count": 1
        },
        "PoliceAgent.Policy.LearningRate.sum": {
            "value": 0.015441254452915198,
            "min": 0.015441254452915198,
            "max": 0.015441254452915198,
            "count": 1
        },
        "PoliceAgent.Policy.Epsilon.mean": {
            "value": 0.19898239999999998,
            "min": 0.19898239999999998,
            "max": 0.19898239999999998,
            "count": 1
        },
        "PoliceAgent.Policy.Epsilon.sum": {
            "value": 10.3470848,
            "min": 10.3470848,
            "max": 10.3470848,
            "count": 1
        },
        "PoliceAgent.Policy.Beta.mean": {
            "value": 0.00049501376,
            "min": 0.00049501376,
            "max": 0.00049501376,
            "count": 1
        },
        "PoliceAgent.Policy.Beta.sum": {
            "value": 0.02574071552,
            "min": 0.02574071552,
            "max": 0.02574071552,
            "count": 1
        },
        "PoliceAgent.IsTraining.mean": {
            "value": 1.0,
            "min": 1.0,
            "max": 1.0,
            "count": 1
        },
        "PoliceAgent.IsTraining.sum": {
            "value": 1.0,
            "min": 1.0,
            "max": 1.0,
            "count": 1
        }
    },
    "metadata": {
        "timer_format_version": "0.1.0",
        "start_time_seconds": "1671431117",
        "python_version": "3.9.6 (tags/v3.9.6:db3ff76, Jun 28 2021, 15:26:21) [MSC v.1929 64 bit (AMD64)]",
        "command_line_arguments": "F:\\Products\\GraduateReport2\\.venv\\Scripts\\mlagents-learn .\\config\\PoliceConfig.yaml --run-id=1on1Test1-Police --force",
        "mlagents_version": "0.30.0",
        "mlagents_envs_version": "0.30.0",
        "communication_protocol_version": "1.5.0",
        "pytorch_version": "1.13.0+cu117",
        "numpy_version": "1.21.2",
        "end_time_seconds": "1671431309"
    },
    "total": 192.3984948,
    "count": 1,
    "self": 0.012226900000001706,
    "children": {
        "run_training.setup": {
            "total": 0.15091520000000003,
            "count": 1,
            "self": 0.15091520000000003
        },
        "TrainerController.start_learning": {
            "total": 192.23535270000002,
            "count": 1,
            "self": 0.11149759999980802,
            "children": {
                "TrainerController._reset_env": {
                    "total": 7.2283474000000005,
                    "count": 1,
                    "self": 7.2283474000000005
                },
                "TrainerController.advance": {
                    "total": 184.63971410000022,
                    "count": 6036,
                    "self": 0.10722030000022187,
                    "children": {
                        "env_step": {
                            "total": 105.8751185000002,
                            "count": 6036,
                            "self": 83.15201809999947,
                            "children": {
                                "SubprocessEnvManager._take_step": {
                                    "total": 22.65372770000063,
                                    "count": 6036,
                                    "self": 0.3741289000010042,
                                    "children": {
                                        "TorchPolicy.evaluate": {
                                            "total": 22.279598799999626,
                                            "count": 6034,
                                            "self": 22.279598799999626
                                        }
                                    }
                                },
                                "workers": {
                                    "total": 0.06937270000010365,
                                    "count": 6035,
                                    "self": 0.0,
                                    "children": {
                                        "worker_root": {
                                            "total": 142.39189479999973,
                                            "count": 6035,
                                            "is_parallel": true,
                                            "self": 108.10699329999967,
                                            "children": {
                                                "steps_from_proto": {
                                                    "total": 0.0003396000000002175,
                                                    "count": 1,
                                                    "is_parallel": true,
                                                    "self": 0.000158400000000114,
                                                    "children": {
                                                        "_process_rank_one_or_two_observation": {
                                                            "total": 0.0001812000000001035,
                                                            "count": 2,
                                                            "is_parallel": true,
                                                            "self": 0.0001812000000001035
                                                        }
                                                    }
                                                },
                                                "UnityEnvironment.step": {
                                                    "total": 34.28456190000006,
                                                    "count": 6035,
                                                    "is_parallel": true,
                                                    "self": 0.466925300000824,