{"count":1,"self":184.70147839999998,"total":3889.7535481,"children":{"InitializeActuators":{"count":30,"self":0.0029919,"total":0.0029919,"children":null},"InitializeSensors":{"count":30,"self":0.0029917999999999998,"total":0.0029917999999999998,"children":null},"AgentSendState":{"count":108401,"self":24.182467199999998,"total":124.61352249999999,"children":{"CollectObservations":{"count":487830,"self":0.10707269999999999,"total":0.10707269999999999,"children":null},"WriteActionMask":{"count":487830,"self":0.1820872,"total":0.1820872,"children":null},"RequestDecision":{"count":487830,"self":1.0246145,"total":100.1418951,"children":{"AgentInfo.ToProto":{"count":487830,"self":1.1472807999999999,"total":99.1172806,"children":{"GenerateSensorData":{"count":487830,"self":96.6718592,"total":97.9699998,"children":{"RayPerceptionSensor.Perceive":{"count":487830,"self":1.2981413,"total":1.2981413,"children":null}}}}}}}}},"DecideAction":{"count":108401,"self":3392.0749567999997,"total":3392.0749358999997,"children":null},"AgentAct":{"count":108401,"self":57.179065599999994,"total":188.3566305,"children":{"AgentInfo.ToProto":{"count":487830,"self":1.1290542,"total":131.1775666,"children":{"GenerateSensorData":{"count":487830,"self":128.8032512,"total":130.0485124,"children":{"RayPerceptionSensor.Perceive":{"count":487830,"self":1.2452566,"total":1.2452566,"children":null}}}}}}}},"gauges":{"Police.CumulativeReward":{"count":162615,"max":7.8,"min":0.8,"runningAverage":1.6003933,"value":1.5999999,"weightedAverage":1.60000014},"Criminer.CumulativeReward":{"count":325215,"max":5,"min":-1,"runningAverage":3.76873064,"value":0,"weightedAverage":2.98645544}},"metadata":{"timer_format_version":"0.1.0","start_time_seconds":"1675050758","unity_version":"2021.3.14f1","command_line_arguments":"F:\\Program Files\\Unity\\2021.3.14f1\\Editor\\Unity.exe -projectpath F:\\Products\\GraduateReport2\\1on1FlagGame\\1on1DoroK-MLTEST1 -useHub -hubIPC -cloudEnvironment production","communication_protocol_version":"1.5.0","com.unity.ml-agents_version":"2.3.0-exp.3","scene_name":"Dorok","end_time_seconds":"1675054648"}}