{"count":1,"self":47.00152,"total":218.3845523,"children":{"InitializeActuators":{"count":2,"self":0.0020014,"total":0.0020014,"children":null},"InitializeSensors":{"count":2,"self":0.0040003,"total":0.0040003,"children":null},"AgentSendState":{"count":43601,"self":1.5696522,"total":2.2772867999999997,"children":{"CollectObservations":{"count":13082,"self":0.0089896,"total":0.0089896,"children":null},"WriteActionMask":{"count":13082,"self":0.011998199999999999,"total":0.011998199999999999,"children":null},"RequestDecision":{"count":13082,"self":0.06988939999999999,"total":0.6866468,"children":{"AgentInfo.ToProto":{"count":13082,"self":0.0899504,"total":0.6167574,"children":{"GenerateSensorData":{"count":13082,"self":0.47079649999999995,"total":0.526807,"children":{"RayPerceptionSensor.Perceive":{"count":13082,"self":0.0560105,"total":0.0560105,"children":null}}}}}}}}},"DecideAction":{"count":43601,"self":165.36213759999998,"total":165.3621325,"children":null},"AgentAct":{"count":43601,"self":3.1667266,"total":3.7366116,"children":{"AgentInfo.ToProto":{"count":13082,"self":0.0830617,"total":0.569885,"children":{"GenerateSensorData":{"count":13082,"self":0.41378499999999996,"total":0.48682329999999996,"children":{"RayPerceptionSensor.Perceive":{"count":13082,"self":0.0730383,"total":0.0730383,"children":null}}}}}}}},"gauges":{"Criminer.CumulativeReward":{"count":8721,"max":-0.100000024,"min":-0.200000048,"runningAverage":-0.199973956,"value":-0.200000048,"weightedAverage":-0.200000018},"Police.CumulativeReward":{"count":4361,"max":1.02780557,"min":-43.4392166,"runningAverage":-20.700201,"value":-24.8419113,"weightedAverage":-24.1771278}},"metadata":{"timer_format_version":"0.1.0","start_time_seconds":"1674962426","unity_version":"2021.3.14f1","command_line_arguments":"D:\\Program Files\\Unity\\2021.3.14f1\\Editor\\Unity.exe -projectpath D:\\ProdFolder\\GraduateReport2\\1on1FlagGame\\1on1DoroK-MLTEST1 -useHub -hubIPC -cloudEnvironment production","communication_protocol_version":"1.5.0","com.unity.ml-agents_version":"2.3.0-exp.3","scene_name":"Dorok","end_time_seconds":"1674962645"}}