{"count":1,"self":48.8530368,"total":224.2051012,"children":{"InitializeActuators":{"count":8,"self":0.0030009,"total":0.0030009,"children":null},"InitializeSensors":{"count":8,"self":0.0050025,"total":0.0050025,"children":null},"AgentSendState":{"count":17784,"self":2.0932155999999997,"total":12.538439799999999,"children":{"CollectObservations":{"count":21344,"self":0.019937999999999997,"total":0.019937999999999997,"children":null},"WriteActionMask":{"count":21344,"self":0.0159968,"total":0.0159968,"children":null},"RequestDecision":{"count":21344,"self":0.1341406,"total":10.4092895,"children":{"AgentInfo.ToProto":{"count":21344,"self":0.14605849999999998,"total":10.2751489,"children":{"GenerateSensorData":{"count":21344,"self":10.019633599999999,"total":10.129090399999999,"children":{"RayPerceptionSensor.Perceive":{"count":21344,"self":0.10945679999999999,"total":0.10945679999999999,"children":null}}}}}}}}},"DecideAction":{"count":17784,"self":145.94992639999998,"total":145.94993,"children":null},"AgentAct":{"count":17784,"self":4.2041672,"total":16.8546892,"children":{"AgentInfo.ToProto":{"count":21344,"self":0.1559804,"total":12.6505222,"children":{"GenerateSensorData":{"count":21344,"self":12.397008,"total":12.494541799999999,"children":{"RayPerceptionSensor.Perceive":{"count":21344,"self":0.0975342,"total":0.0975342,"children":null}}}}}}}},"gauges":{"Police.CumulativeReward":{"count":7116,"max":5,"min":0,"runningAverage":0.0007026428,"value":0,"weightedAverage":2.802597E-45},"Criminer.CumulativeReward":{"count":14228,"max":128.437119,"min":-7.6097126,"runningAverage":45.3055649,"value":56.64587,"weightedAverage":66.52969}},"metadata":{"timer_format_version":"0.1.0","start_time_seconds":"1674983635","unity_version":"2021.3.14f1","command_line_arguments":"D:\\Program Files\\Unity\\2021.3.14f1\\Editor\\Unity.exe -projectpath D:\\ProdFolder\\GraduateReport2\\1on1FlagGame\\1on1DoroK-MLTEST1 -useHub -hubIPC -cloudEnvironment production","communication_protocol_version":"1.5.0","com.unity.ml-agents_version":"2.3.0-exp.3","scene_name":"Dorok","end_time_seconds":"1674983859"}}