{"count":1,"self":2670.9630976,"total":28882.883230699998,"children":{"InitializeActuators":{"count":2,"self":0.0025096999999999997,"total":0.0025096999999999997,"children":null},"InitializeSensors":{"count":2,"self":0.0029925,"total":0.0029925,"children":null},"AgentSendState":{"count":6949401,"self":142.63711999999998,"total":194.9329837,"children":{"CollectObservations":{"count":2084826,"self":0.79336,"total":0.79336,"children":null},"WriteActionMask":{"count":2084826,"self":1.1114799,"total":1.1114799,"children":null},"RequestDecision":{"count":2084826,"self":5.58333,"total":50.3910254,"children":{"AgentInfo.ToProto":{"count":2084826,"self":7.3599488,"total":44.8076954,"children":{"GenerateSensorData":{"count":2084826,"self":32.779478399999995,"total":37.447746699999996,"children":{"RayPerceptionSensor.Perceive":{"count":2084826,"self":4.6682688,"total":4.6682689,"children":null}}}}}}}}},"DecideAction":{"count":6949401,"self":25719.4508288,"total":25719.450903999998,"children":null},"AgentAct":{"count":6949401,"self":259.4691072,"total":297.529773,"children":{"AgentInfo.ToProto":{"count":2084826,"self":5.5376287999999994,"total":38.060659,"children":{"GenerateSensorData":{"count":2084826,"self":28.020239999999998,"total":32.5230303,"children":{"RayPerceptionSensor.Perceive":{"count":2084826,"self":4.5027908,"total":4.5027909,"children":null}}}}}}}},"gauges":{"Criminer.CumulativeReward":{"count":1389883,"max":31.9081917,"min":-10.2000008,"runningAverage":-0.201314017,"value":-0.200000048,"weightedAverage":-0.200000077},"Police.CumulativeReward":{"count":694943,"max":12.6581593,"min":-69.0527649,"runningAverage":-12.5994291,"value":-13.99237,"weightedAverage":-11.83232}},"metadata":{"timer_format_version":"0.1.0","start_time_seconds":"1674925280","unity_version":"2021.3.14f1","command_line_arguments":"F:\\Program Files\\Unity\\2021.3.14f1\\Editor\\Unity.exe -projectpath F:\\Products\\GraduateReport2\\1on1FlagGame\\1on1DoroK-MLTEST1 -useHub -hubIPC -cloudEnvironment production","communication_protocol_version":"1.5.0","com.unity.ml-agents_version":"2.3.0-exp.3","scene_name":"Dorok","end_time_seconds":"1674954163"}}