{"count":1,"self":11.7299192,"total":81.7113766,"children":{"InitializeActuators":{"count":2,"self":0.0019941,"total":0.0019941,"children":null},"InitializeSensors":{"count":2,"self":0.0019943,"total":0.0019943,"children":null},"AgentSendState":{"count":20601,"self":0.41773499999999997,"total":0.57628669999999993,"children":{"CollectObservations":{"count":6182,"self":0.0019952999999999998,"total":0.0019952999999999998,"children":null},"WriteActionMask":{"count":6182,"self":0.0029605,"total":0.0029605,"children":null},"RequestDecision":{"count":6182,"self":0.0198251,"total":0.15359589999999998,"children":{"AgentInfo.ToProto":{"count":6182,"self":0.0218209,"total":0.1337708,"children":{"GenerateSensorData":{"count":6182,"self":0.0910882,"total":0.11194989999999999,"children":{"RayPerceptionSensor.Perceive":{"count":6182,"self":0.0208617,"total":0.0208617,"children":null}}}}}}}}},"DecideAction":{"count":20601,"self":68.5844864,"total":68.5844876,"children":null},"AgentAct":{"count":20601,"self":0.7058125,"total":0.8156941,"children":{"AgentInfo.ToProto":{"count":6182,"self":0.0145735,"total":0.1098816,"children":{"GenerateSensorData":{"count":6182,"self":0.0822494,"total":0.095308099999999993,"children":{"RayPerceptionSensor.Perceive":{"count":6182,"self":0.0130587,"total":0.0130587,"children":null}}}}}}}},"gauges":{"Criminer.CumulativeReward":{"count":4121,"max":15.6152916,"min":-10.2000008,"runningAverage":0.108074963,"value":-0.200000048,"weightedAverage":-0.200000077},"Police.CumulativeReward":{"count":2061,"max":10.1743689,"min":-53.4655075,"runningAverage":-17.6256065,"value":-24.679966,"weightedAverage":-24.8946266}},"metadata":{"timer_format_version":"0.1.0","start_time_seconds":"1674925011","unity_version":"2021.3.14f1","command_line_arguments":"F:\\Program Files\\Unity\\2021.3.14f1\\Editor\\Unity.exe -projectpath F:\\Products\\GraduateReport2\\1on1FlagGame\\1on1DoroK-MLTEST1 -useHub -hubIPC -cloudEnvironment production","communication_protocol_version":"1.5.0","com.unity.ml-agents_version":"2.3.0-exp.3","scene_name":"Dorok","end_time_seconds":"1674925093"}}