{"count":1,"self":511.23041279999995,"total":1297.982624,"children":{"InitializeActuators":{"count":2,"self":0.0029695,"total":0.0029695,"children":null},"InitializeSensors":{"count":2,"self":0.0029953,"total":0.0029953,"children":null},"AgentSendState":{"count":162551,"self":7.0138896,"total":10.1603309,"children":{"CollectObservations":{"count":48767,"self":0.055990599999999995,"total":0.055990599999999995,"children":null},"WriteActionMask":{"count":48767,"self":0.0639348,"total":0.0639348,"children":null},"RequestDecision":{"count":48767,"self":0.3389156,"total":3.0265161999999997,"children":{"AgentInfo.ToProto":{"count":48767,"self":0.38936509999999996,"total":2.6876005999999997,"children":{"GenerateSensorData":{"count":48767,"self":2.0333152,"total":2.2982355,"children":{"RayPerceptionSensor.Perceive":{"count":48767,"self":0.2649204,"total":0.2649204,"children":null}}}}}}}}},"DecideAction":{"count":162551,"self":760.7414784,"total":760.74149449999993,"children":null},"AgentAct":{"count":162551,"self":13.4759424,"total":15.841416899999999,"children":{"AgentInfo.ToProto":{"count":48767,"self":0.31282099999999996,"total":2.3654739,"children":{"GenerateSensorData":{"count":48767,"self":1.7751355999999998,"total":2.0526529,"children":{"RayPerceptionSensor.Perceive":{"count":48767,"self":0.27751739999999997,"total":0.27751739999999997,"children":null}}}}}}}},"gauges":{"Criminer.CumulativeReward":{"count":32511,"max":79.33128,"min":5.009826,"runningAverage":42.05008,"value":49.0591431,"weightedAverage":49.95115},"Police.CumulativeReward":{"count":16256,"max":0.985105,"min":-73.33128,"runningAverage":-36.098423,"value":-43.0591431,"weightedAverage":-44.29476}},"metadata":{"timer_format_version":"0.1.0","start_time_seconds":"1674973929","unity_version":"2021.3.14f1","command_line_arguments":"D:\\Program Files\\Unity\\2021.3.14f1\\Editor\\Unity.exe -projectpath D:\\ProdFolder\\GraduateReport2\\1on1FlagGame\\1on1DoroK-MLTEST1 -useHub -hubIPC -cloudEnvironment production","communication_protocol_version":"1.5.0","com.unity.ml-agents_version":"2.3.0-exp.3","scene_name":"Dorok","end_time_seconds":"1674975227"}}