{"count":1,"self":50.517696,"total":242.78731599999998,"children":{"InitializeActuators":{"count":2,"self":0.0019942,"total":0.0019942,"children":null},"InitializeSensors":{"count":2,"self":0.0039897,"total":0.0039897,"children":null},"AgentSendState":{"count":48067,"self":0.81314639999999994,"total":6.9964777,"children":{"CollectObservations":{"count":14421,"self":3.078747,"total":3.078747,"children":null},"WriteActionMask":{"count":14421,"self":0.0050574999999999995,"total":0.0050574999999999995,"children":null},"RequestDecision":{"count":14421,"self":0.054376299999999995,"total":3.0995268,"children":{"AgentInfo.ToProto":{"count":14421,"self":0.0606959,"total":3.0451504999999996,"children":{"GenerateSensorData":{"count":14421,"self":2.9673979999999998,"total":2.9844546,"children":{"RayPerceptionSensor.Perceive":{"count":14421,"self":0.017056699999999998,"total":0.017056699999999998,"children":null}}}}}}}}},"DecideAction":{"count":48067,"self":175.5897472,"total":175.58974369999999,"children":null},"AgentAct":{"count":48067,"self":5.6469248,"total":9.6764171,"children":{"AgentInfo.ToProto":{"count":14421,"self":0.0500575,"total":4.0294924,"children":{"GenerateSensorData":{"count":14421,"self":3.9593727999999997,"total":3.9794348999999998,"children":{"RayPerceptionSensor.Perceive":{"count":14421,"self":0.020062299999999998,"total":0.020062299999999998,"children":null}}}}}}}},"gauges":{"Criminer.CumulativeReward":{"count":9614,"max":28.7018242,"min":1.71404135,"runningAverage":15.6616087,"value":13.3436756,"weightedAverage":13.2701817},"Police.CumulativeReward":{"count":4807,"max":4.79128075,"min":-47.37447,"runningAverage":-21.3223534,"value":-16.4887352,"weightedAverage":-16.39061}},"metadata":{"timer_format_version":"0.1.0","start_time_seconds":"1674665175","unity_version":"2021.3.14f1","command_line_arguments":"F:\\Program Files\\Unity\\2021.3.14f1\\Editor\\Unity.exe -projectpath F:\\Products\\GraduateReport2\\1on1FlagGame\\1on1DoroK-MLTEST1 -useHub -hubIPC -cloudEnvironment production","communication_protocol_version":"1.5.0","com.unity.ml-agents_version":"2.3.0-exp.3","scene_name":"Dorok","end_time_seconds":"1674665417"}}