{
    "name": "root",
    "gauges": {
        "Dorok.Policy.Entropy.mean": {
            "value": 1.4189382791519165,
            "min": 1.4189382791519165,
            "max": 1.4189382791519165,
            "count": 1
        },
        "Dorok.Policy.Entropy.sum": {
            "value": 14189.3828125,
            "min": 14189.3828125,
            "max": 14189.3828125,
            "count": 1
        },
        "Dorok.Environment.EpisodeLength.mean": {
            "value": 49.0,
            "min": 49.0,
            "max": 49.0,
            "count": 1
        },
        "Dorok.Environment.EpisodeLength.sum": {
            "value": 9800.0,
            "min": 9800.0,
            "max": 9800.0,
            "count": 1
        },
        "Dorok.Step.mean": {
            "value": 9950.0,
            "min": 9950.0,
            "max": 9950.0,
            "count": 1
        },
        "Dorok.Step.sum": {
            "value": 9950.0,
            "min": 9950.0,
            "max": 9950.0,
            "count": 1
        },
        "Dorok.Policy.ExtrinsicBaselineEstimate.mean": {
            "value": -0.026923341676592827,
            "min": -0.026923341676592827,
            "max": -0.026923341676592827,
            "count": 1
        },
        "Dorok.Policy.ExtrinsicBaselineEstimate.sum": {
            "value": -5.357745170593262,
            "min": -5.357745170593262,
            "max": -5.357745170593262,
            "count": 1
        },
        "Dorok.Policy.ExtrinsicValueEstimate.mean": {
            "value": -0.026923341676592827,
            "min": -0.026923341676592827,
            "max": -0.026923341676592827,
            "count": 1
        },
        "Dorok.Policy.ExtrinsicValueEstimate.sum": {
            "value": -5.357745170593262,
            "min": -5.357745170593262,
            "max": -5.357745170593262,
            "count": 1
        },
        "Dorok.Environment.CumulativeReward.mean": {
            "value": 0.0,
            "min": 0.0,
            "max": 0.0,
            "count": 1
        },
        "Dorok.Environment.CumulativeReward.sum": {
            "value": 0.0,
            "min": 0.0,
            "max": 0.0,
            "count": 1
        },
        "Dorok.Policy.ExtrinsicReward.mean": {
            "value": 0.0,
            "min": 0.0,
            "max": 0.0,
            "count": 1
        },
        "Dorok.Policy.ExtrinsicReward.sum": {
            "value": 0.0,
            "min": 0.0,
            "max": 0.0,
            "count": 1
        },
        "Dorok.Environment.GroupCumulativeReward.mean": {
            "value": 0.0,
            "min": 0.0,
            "max": 0.0,
            "count": 1
        },
        "Dorok.Environment.GroupCumulativeReward.sum": {
            "value": 0.0,
            "min": 0.0,
            "max": 0.0,
            "count": 1
        },
        "Dorok.IsTraining.mean": {
            "value": 1.0,
            "min": 1.0,
            "max": 1.0,
            "count": 1
        },
        "Dorok.IsTraining.sum": {
            "value": 1.0,
            "min": 1.0,
            "max": 1.0,
            "count": 1
        }
    },
    "metadata": {
        "timer_format_version": "0.1.0",
        "start_time_seconds": "1671982964",
        "python_version": "3.9.6 (tags/v3.9.6:db3ff76, Jun 28 2021, 15:26:21) [MSC v.1929 64 bit (AMD64)]",
        "command_line_arguments": "F:\\Products\\GraduateReport2\\.venv\\Scripts\\mlagents-learn .\\config\\DoroKConfig.yaml --run-id=test1.0 --force",
        "mlagents_version": "0.30.0",
        "mlagents_envs_version": "0.30.0",
        "communication_protocol_version": "1.5.0",
        "pytorch_version": "1.13.0+cu117",
        "numpy_version": "1.21.2",
        "end_time_seconds": "1671983221"
    },
    "total": 257.5338158,
    "count": 1,
    "self": 0.006450900000004367,
    "children": {
        "run_training.setup": {
            "total": 0.16723709999999947,
            "count": 1,
            "self": 0.16723709999999947
        },
        "TrainerController.start_learning": {
            "total": 257.3601278,
            "count": 1,
            "self": 0.2924042999999301,
            "children": {
                "TrainerController._reset_env": {
                    "total": 10.4250194,
                    "count": 1,
                    "self": 10.4250194
                },
                "TrainerController.advance": {
                    "total": 246.3704168000001,
                    "count": 16311,
                    "self": 0.2727318000012531,
                    "children": {
                        "env_step": {
                            "total": 241.65401829999857,
                            "count": 16311,
                            "self": 179.84304809999753,
                            "children": {
                                "SubprocessEnvManager._take_step": {
                                    "total": 61.64261050000042,
                                    "count": 16311,
                                    "self": 0.9134565000011676,
                                    "children": {
                                        "TorchPolicy.evaluate": {
                                            "total": 60.729153999999255,
                                            "count": 16311,
                                            "self": 60.729153999999255
                                        }
                                    }
                                },
                                "workers": {
                                    "total": 0.16835970000061806,
                                    "count": 16310,
                                    "self": 0.0,
                                    "children": {
                                        "worker_root": {
                                            "total": 185.56882849999946,
                                            "count": 16310,
                                            "is_parallel": true,
                                            "self": 81.9023672999984,
                                            "children": {
                                                "steps_from_proto": {
                                                    "total": 0.0004092999999993907,
                                                    "count": 1,
                                                    "is_parallel": true,
                                                    "self": 0.00021390000000032217,
                                                    "children": {
                                                        "_process_rank_one_or_two_observation": {
                                                            "total": 0.00019539999999906854,
                                                            "count": 2,
                                                            "is_parallel": true,
                                                            "self": 0.00019539999999906854
                                                        }
                                                    }
                                                },
                                                "UnityEnvironment.step": {
                                                    "total": 103.66605190000105,
                                                    "count": 16310,
                                                    "is_parallel": true,
                                                    "self": 1.0596140000030232,
                                                    "children": {
                                                        "UnityEnvironment._generate_step_input": {
                                                            "total": 0.9974608999985133,
                                                            "count": 16310,
                                                            "is_parallel": true,